{
  "response_length": {
    "metric_name": "response_length",
    "mean": 100.58230254394012,
    "std": 8.815533143037177,
    "min_val": 73.80054577781148,
    "max_val": 123.35754222480548,
    "p50": 101.1441985746092,
    "p95": 114.21849981343465,
    "p99": 123.35754222480548,
    "sample_count": 100,
    "timestamp": "2026-02-28T10:20:22.443506"
  }
}